{"cameraMode":{"drawMode":0,"name":"Shaded","section":"Shading Mode"},"sceneLighting":false,"audioPlay":false,"sceneViewState":{"m_AlwaysRefresh":false,"showFog":true,"showSkybox":true,"showFlares":true,"showImageEffects":true,"showParticleSystems":true,"showVisualEffectGraphs":true,"m_FxEnabled":true},"in2DMode":false,"pivot":{"x":24.511615753173829,"y":-88.06146240234375,"z":154.3446807861328},"rotation":{"x":-0.3534945845603943,"y":-0.04851674661040306,"z":0.018369808793067933,"w":-0.9340076446533203},"size":217.84417724609376,"orthographic":false}