{"cameraMode":{"drawMode":0,"name":"Shaded","section":"Shading Mode"},"sceneLighting":true,"audioPlay":false,"sceneViewState":{"m_AlwaysRefresh":false,"showFog":true,"showSkybox":true,"showFlares":true,"showImageEffects":true,"showParticleSystems":true,"showVisualEffectGraphs":true,"m_FxEnabled":true},"in2DMode":false,"pivot":{"x":0.3084118366241455,"y":-10.126437187194825,"z":14.472623825073243},"rotation":{"x":-0.35871779918670657,"y":-0.1041393056511879,"z":0.04030937701463699,"w":-0.9267515540122986},"size":13.38990592956543,"orthographic":false}