{"cameraMode":{"drawMode":0,"name":"Shaded","section":"Shading Mode"},"sceneLighting":false,"audioPlay":false,"sceneViewState":{"m_AlwaysRefresh":false,"showFog":true,"showSkybox":true,"showFlares":true,"showImageEffects":true,"showParticleSystems":true,"showVisualEffectGraphs":true,"m_FxEnabled":true},"in2DMode":false,"pivot":{"x":231.57437133789063,"y":46.370574951171878,"z":17.038970947265626},"rotation":{"x":-0.3534945845603943,"y":-0.04851674661040306,"z":0.018369808793067933,"w":-0.9340076446533203},"size":60.34934616088867,"orthographic":false}