{"cameraMode":{"drawMode":0,"name":"Shaded","section":"Shading Mode"},"sceneLighting":false,"audioPlay":false,"sceneViewState":{"m_AlwaysRefresh":false,"showFog":true,"showSkybox":true,"showFlares":true,"showImageEffects":true,"showParticleSystems":true,"showVisualEffectGraphs":true,"m_FxEnabled":true},"in2DMode":false,"pivot":{"x":52.4010009765625,"y":-4.800000190734863,"z":-10.543000221252442},"rotation":{"x":0.28545382618904116,"y":-0.011501065455377102,"z":0.0034218602813780309,"w":0.9583279490470886},"size":83.6402359008789,"orthographic":false}