{"cameraMode":{"drawMode":0,"name":"Shaded","section":"Shading Mode"},"sceneLighting":false,"audioPlay":false,"sceneViewState":{"m_AlwaysRefresh":false,"showFog":true,"showSkybox":true,"showFlares":true,"showImageEffects":true,"showParticleSystems":true,"showVisualEffectGraphs":true,"m_FxEnabled":true},"in2DMode":false,"pivot":{"x":-161.71116638183595,"y":14.633041381835938,"z":42.33338165283203},"rotation":{"x":-0.4419805705547333,"y":0.005923295393586159,"z":-0.0029094514902681114,"w":-0.8970129489898682},"size":246.2474365234375,"orthographic":false}