{"cameraMode":{"drawMode":0,"name":"Shaded","section":"Shading Mode"},"sceneLighting":false,"audioPlay":false,"sceneViewState":{"m_AlwaysRefresh":false,"showFog":true,"showSkybox":true,"showFlares":true,"showImageEffects":true,"showParticleSystems":true,"showVisualEffectGraphs":true,"m_FxEnabled":true},"in2DMode":false,"pivot":{"x":84.33443450927735,"y":21.49483299255371,"z":-10.636157989501954},"rotation":{"x":0.23474246263504029,"y":-0.21314232051372529,"z":0.052837759256362918,"w":0.9469289779663086},"size":10.610029220581055,"orthographic":false}