{"cameraMode":{"drawMode":0,"name":"Shaded","section":"Shading Mode"},"sceneLighting":false,"audioPlay":false,"sceneViewState":{"m_AlwaysRefresh":false,"showFog":true,"showSkybox":true,"showFlares":true,"showImageEffects":true,"showParticleSystems":true,"showVisualEffectGraphs":true,"m_FxEnabled":true},"in2DMode":false,"pivot":{"x":15.558235168457032,"y":3.839285135269165,"z":-53.57285690307617},"rotation":{"x":0.23474246263504029,"y":-0.21314232051372529,"z":0.052837759256362918,"w":0.9469289779663086},"size":101.96452331542969,"orthographic":false}