{"cameraMode":{"drawMode":0,"name":"Shaded","section":"Shading Mode"},"sceneLighting":false,"audioPlay":false,"sceneViewState":{"m_AlwaysRefresh":false,"showFog":true,"showSkybox":true,"showFlares":true,"showImageEffects":true,"showParticleSystems":true,"showVisualEffectGraphs":true,"m_FxEnabled":true},"in2DMode":false,"pivot":{"x":34.529598236083987,"y":-2.7699337005615236,"z":43.43408966064453},"rotation":{"x":0.1320895403623581,"y":-0.003960775677114725,"z":0.0005277770105749369,"w":0.991230309009552},"size":79.3245620727539,"orthographic":false}