{"cameraMode":{"drawMode":0,"name":"Shaded","section":"Shading Mode"},"sceneLighting":true,"audioPlay":false,"sceneViewState":{"m_AlwaysRefresh":false,"showFog":true,"showSkybox":true,"showFlares":true,"showImageEffects":true,"showParticleSystems":true,"showVisualEffectGraphs":true,"m_FxEnabled":true},"in2DMode":false,"pivot":{"x":-6.462130546569824,"y":-5.103579044342041,"z":0.00004100799560546875},"rotation":{"x":-0.28697383403778078,"y":0.616969645023346,"z":-0.25818365812301638,"w":-0.6858283281326294},"size":9.872565269470215,"orthographic":false}