{"cameraMode":{"drawMode":0,"name":"Shaded","section":"Shading Mode"},"sceneLighting":false,"audioPlay":false,"sceneViewState":{"m_AlwaysRefresh":false,"showFog":true,"showSkybox":false,"showFlares":true,"showImageEffects":true,"showParticleSystems":true,"showVisualEffectGraphs":true,"m_FxEnabled":true},"in2DMode":false,"pivot":{"x":-0.030825674533843995,"y":0.3421953320503235,"z":0.028552889823913575},"rotation":{"x":0.14788883924484254,"y":0.029665149748325349,"z":-0.004438414238393307,"w":0.9885548949241638},"size":1.8244531154632569,"orthographic":false}