{"cameraMode":{"drawMode":0,"name":"Shaded","section":"Shading Mode"},"sceneLighting":false,"audioPlay":false,"sceneViewState":{"m_AlwaysRefresh":false,"showFog":true,"showSkybox":false,"showFlares":true,"showImageEffects":true,"showParticleSystems":true,"showVisualEffectGraphs":true,"m_FxEnabled":true},"in2DMode":false,"pivot":{"x":-0.030825674533843995,"y":0.3421953320503235,"z":0.028552889823913575},"rotation":{"x":0.026994148269295694,"y":-0.013495095074176789,"z":0.00036402023397386074,"w":0.9995502233505249},"size":1.8244531154632569,"orthographic":false}