{"cameraMode":{"drawMode":0,"name":"Shaded","section":"Shading Mode"},"sceneLighting":false,"audioPlay":false,"sceneViewState":{"m_AlwaysRefresh":false,"showFog":true,"showSkybox":false,"showFlares":true,"showImageEffects":true,"showParticleSystems":true,"showVisualEffectGraphs":true,"m_FxEnabled":true},"in2DMode":false,"pivot":{"x":-0.4725686311721802,"y":0.30838602781295779,"z":0.01878643035888672},"rotation":{"x":-0.3500839173793793,"y":0.3758694529533386,"z":-0.15595819056034089,"w":-0.8437159061431885},"size":1.4454307556152344,"orthographic":false}