{"cameraMode":{"drawMode":0,"name":"Shaded","section":"Shading Mode"},"sceneLighting":false,"audioPlay":false,"sceneViewState":{"m_AlwaysRefresh":false,"showFog":true,"showSkybox":false,"showFlares":true,"showImageEffects":true,"showParticleSystems":true,"showVisualEffectGraphs":true,"m_FxEnabled":true},"in2DMode":false,"pivot":{"x":-0.20479604601860047,"y":0.09975260496139527,"z":0.2987544536590576},"rotation":{"x":-0.007509035989642143,"y":0.8903123140335083,"z":-0.45505183935165408,"w":-0.014691483229398728},"size":1.4454307556152344,"orthographic":false}