{"cameraMode":{"drawMode":0,"name":"Shaded","section":"Shading Mode"},"sceneLighting":false,"audioPlay":false,"sceneViewState":{"m_AlwaysRefresh":false,"showFog":true,"showSkybox":false,"showFlares":true,"showImageEffects":true,"showParticleSystems":true,"showVisualEffectGraphs":true,"m_FxEnabled":true},"in2DMode":false,"pivot":{"x":0.26334357261657717,"y":0.24987363815307618,"z":-0.1371975541114807},"rotation":{"x":-0.2420564740896225,"y":0.5819375514984131,"z":-0.18692924082279206,"w":-0.7535455226898193},"size":1.0365082025527955,"orthographic":false}