{"cameraMode":{"drawMode":0,"name":"Shaded","section":"Shading Mode"},"sceneLighting":false,"audioPlay":false,"sceneViewState":{"m_AlwaysRefresh":false,"showFog":true,"showSkybox":false,"showFlares":true,"showImageEffects":true,"showParticleSystems":true,"showVisualEffectGraphs":true,"m_FxEnabled":true},"in2DMode":false,"pivot":{"x":0.10554683208465576,"y":0.31181180477142336,"z":-0.053003668785095218},"rotation":{"x":-0.31498652696609499,"y":0.393195241689682,"z":-0.1454494446516037,"w":-0.8514936566352844},"size":1.7175110578536988,"orthographic":false}