{"cameraMode":{"drawMode":0,"name":"Shaded","section":"Shading Mode"},"sceneLighting":false,"audioPlay":false,"sceneViewState":{"m_AlwaysRefresh":false,"showFog":true,"showSkybox":false,"showFlares":true,"showImageEffects":true,"showParticleSystems":true,"showVisualEffectGraphs":true,"m_FxEnabled":true},"in2DMode":false,"pivot":{"x":0.10554683208465576,"y":0.31181180477142336,"z":-0.053003668785095218},"rotation":{"x":0.0015662593068554998,"y":0.9374628663063049,"z":-0.3480556905269623,"w":0.004218611866235733},"size":1.7175110578536988,"orthographic":false}