{"cameraMode":{"drawMode":0,"name":"Shaded","section":"Shading Mode"},"sceneLighting":false,"audioPlay":false,"sceneViewState":{"m_AlwaysRefresh":false,"showFog":true,"showSkybox":false,"showFlares":true,"showImageEffects":true,"showParticleSystems":true,"showVisualEffectGraphs":true,"m_FxEnabled":true},"in2DMode":false,"pivot":{"x":-0.4725686311721802,"y":0.30838602781295779,"z":0.01878643035888672},"rotation":{"x":-0.04336480423808098,"y":-0.0748596042394638,"z":-0.0032588792964816095,"w":0.9962514042854309},"size":1.6379666328430176,"orthographic":false}