{"cameraMode":{"drawMode":0,"name":"Shaded","section":"Shading Mode"},"sceneLighting":false,"audioPlay":false,"sceneViewState":{"m_AlwaysRefresh":false,"showFog":true,"showSkybox":false,"showFlares":true,"showImageEffects":true,"showParticleSystems":true,"showVisualEffectGraphs":true,"m_FxEnabled":true},"in2DMode":false,"pivot":{"x":0.5810760259628296,"y":0.08268404006958008,"z":-0.35271477699279787},"rotation":{"x":-0.3160136342048645,"y":0.5262231826782227,"z":-0.21927237510681153,"w":-0.7583911418914795},"size":1.420743465423584,"orthographic":false}