{"cameraMode":{"drawMode":0,"name":"Shaded","section":"Shading Mode"},"sceneLighting":false,"audioPlay":false,"sceneViewState":{"m_AlwaysRefresh":false,"showFog":true,"showSkybox":false,"showFlares":true,"showImageEffects":true,"showParticleSystems":true,"showVisualEffectGraphs":true,"m_FxEnabled":true},"in2DMode":false,"pivot":{"x":0.3065241277217865,"y":0.22682297229766847,"z":-0.35271477699279787},"rotation":{"x":-0.006136715412139893,"y":0.9123741388320923,"z":-0.4090839922428131,"w":-0.013686641119420529},"size":2.061380386352539,"orthographic":false}