{"cameraMode":{"drawMode":0,"name":"Shaded","section":"Shading Mode"},"sceneLighting":false,"audioPlay":false,"sceneViewState":{"m_AlwaysRefresh":false,"showFog":true,"showSkybox":false,"showFlares":true,"showImageEffects":true,"showParticleSystems":true,"showVisualEffectGraphs":true,"m_FxEnabled":true},"in2DMode":false,"pivot":{"x":8.201709747314454,"y":0.00909268856048584,"z":15.942157745361329},"rotation":{"x":0.1640859991312027,"y":-0.04437382146716118,"z":0.007388858124613762,"w":0.9854196906089783},"size":2.0678212642669679,"orthographic":false}