{"cameraMode":{"drawMode":0,"name":"Shaded","section":"Shading Mode"},"sceneLighting":false,"audioPlay":false,"sceneViewState":{"m_AlwaysRefresh":false,"showFog":true,"showSkybox":false,"showFlares":true,"showImageEffects":true,"showParticleSystems":true,"showVisualEffectGraphs":true,"m_FxEnabled":true},"in2DMode":false,"pivot":{"x":-0.3877999782562256,"y":0.6469043493270874,"z":0.5905551910400391},"rotation":{"x":0.13286106288433076,"y":-0.158359557390213,"z":0.021508535370230676,"w":0.9781710505485535},"size":1.9495075941085816,"orthographic":false}