{"cameraMode":{"drawMode":0,"name":"Shaded","section":"Shading Mode"},"sceneLighting":true,"audioPlay":false,"sceneViewState":{"m_AlwaysRefresh":false,"showFog":true,"showSkybox":true,"showFlares":true,"showImageEffects":true,"showParticleSystems":true,"showVisualEffectGraphs":true,"m_FxEnabled":true},"in2DMode":false,"pivot":{"x":-0.25652122497558596,"y":-0.27065610885620119,"z":-0.33463728427886965},"rotation":{"x":-0.34756210446357729,"y":0.5957301259040833,"z":-0.3183751106262207,"w":-0.6503463983535767},"size":3.1457552909851076,"orthographic":false}