{"cameraMode":{"drawMode":0,"name":"Shaded","section":"Shading Mode"},"sceneLighting":false,"audioPlay":false,"sceneViewState":{"m_AlwaysRefresh":false,"showFog":true,"showSkybox":false,"showFlares":true,"showImageEffects":true,"showParticleSystems":true,"showVisualEffectGraphs":true,"m_FxEnabled":true},"in2DMode":false,"pivot":{"x":0.16723385453224183,"y":-0.0071825189515948299,"z":-0.5774887800216675},"rotation":{"x":0.012520515359938145,"y":0.9419243931770325,"z":-0.3337235152721405,"w":0.03533873334527016},"size":1.6061381101608277,"orthographic":false}