{"cameraMode":{"drawMode":0,"name":"Shaded","section":"Shading Mode"},"sceneLighting":false,"audioPlay":false,"sceneViewState":{"m_AlwaysRefresh":false,"showFog":true,"showSkybox":false,"showFlares":true,"showImageEffects":true,"showParticleSystems":true,"showVisualEffectGraphs":true,"m_FxEnabled":true},"in2DMode":false,"pivot":{"x":-1.2325259447097779,"y":0.16006094217300416,"z":-0.5774887800216675},"rotation":{"x":0.17997904121875764,"y":-0.19047994911670686,"z":0.0355469174683094,"w":0.9644024968147278},"size":2.1633126735687258,"orthographic":false}