{"cameraMode":{"drawMode":0,"name":"Shaded","section":"Shading Mode"},"sceneLighting":false,"audioPlay":false,"sceneViewState":{"m_AlwaysRefresh":false,"showFog":true,"showSkybox":false,"showFlares":true,"showImageEffects":true,"showParticleSystems":true,"showVisualEffectGraphs":true,"m_FxEnabled":true},"in2DMode":false,"pivot":{"x":0.48087263107299807,"y":-0.045168280601501468,"z":-0.3111065626144409},"rotation":{"x":-0.3160136342048645,"y":0.5262231826782227,"z":-0.21927237510681153,"w":-0.7583911418914795},"size":1.2738852500915528,"orthographic":false}